{"cameraMode":{"drawMode":0,"name":"Shaded","section":"Shading Mode"},"sceneLighting":false,"audioPlay":false,"sceneViewState":{"m_AlwaysRefresh":false,"showFog":true,"showSkybox":false,"showFlares":true,"showImageEffects":true,"showParticleSystems":true,"showVisualEffectGraphs":true,"m_FxEnabled":true},"in2DMode":false,"pivot":{"x":-5.278483867645264,"y":1.3940784931182862,"z":0.07053196430206299},"rotation":{"x":0.15981034934520722,"y":0.004442120436578989,"z":-0.0007191497134044766,"w":0.9871390461921692},"size":3.9973325729370119,"orthographic":false}