{"cameraMode":{"drawMode":0,"name":"Shaded","section":"Shading Mode"},"sceneLighting":false,"audioPlay":false,"sceneViewState":{"m_AlwaysRefresh":false,"showFog":true,"showSkybox":false,"showFlares":true,"showImageEffects":true,"showParticleSystems":true,"showVisualEffectGraphs":true,"m_FxEnabled":true},"in2DMode":false,"pivot":{"x":-5.963374137878418,"y":3.848287582397461,"z":20.652931213378908},"rotation":{"x":0.47487926483154299,"y":0.024617554619908334,"z":-0.013231216929852963,"w":0.8796859383583069},"size":4.2506842613220219,"orthographic":false}