{"cameraMode":{"drawMode":0,"name":"Shaded","section":"Shading Mode"},"sceneLighting":false,"audioPlay":false,"sceneViewState":{"m_AlwaysRefresh":false,"showFog":true,"showSkybox":false,"showFlares":true,"showImageEffects":true,"showParticleSystems":true,"showVisualEffectGraphs":true,"m_FxEnabled":true},"in2DMode":false,"pivot":{"x":-0.07231128215789795,"y":-2.8445210456848146,"z":10.108538627624512},"rotation":{"x":0.47487926483154299,"y":0.024617554619908334,"z":-0.013231216929852963,"w":0.8796859383583069},"size":12.775152206420899,"orthographic":false}