{"cameraMode":{"drawMode":0,"name":"Shaded","section":"Shading Mode"},"sceneLighting":false,"audioPlay":false,"sceneViewState":{"m_AlwaysRefresh":false,"showFog":false,"showSkybox":false,"showFlares":false,"showImageEffects":false,"showParticleSystems":false,"showVisualEffectGraphs":true,"m_FxEnabled":true},"in2DMode":false,"pivot":{"x":-0.10158637166023255,"y":-0.0029947757720947267,"z":-0.2679470181465149},"rotation":{"x":-0.006671204697340727,"y":0.978439450263977,"z":-0.2039482742547989,"w":-0.03201042488217354},"size":1.3834103345870972,"orthographic":false}