{"cameraMode":{"drawMode":0,"name":"Shaded","section":"Shading Mode"},"sceneLighting":true,"audioPlay":false,"sceneViewState":{"m_AlwaysRefresh":false,"showFog":true,"showSkybox":true,"showFlares":true,"showImageEffects":true,"showParticleSystems":true,"showVisualEffectGraphs":true,"m_FxEnabled":true},"in2DMode":false,"pivot":{"x":0.6148813962936401,"y":1.2073554992675782,"z":8.249094009399414},"rotation":{"x":0.3630705773830414,"y":-0.044137243181467059,"z":0.01722199097275734,"w":0.9305531978607178},"size":12.884941101074219,"orthographic":false}