{"cameraMode":{"drawMode":0,"name":"Shaded","section":"Shading Mode"},"sceneLighting":true,"audioPlay":false,"sceneViewState":{"m_AlwaysRefresh":false,"showFog":true,"showSkybox":true,"showFlares":true,"showImageEffects":true,"showParticleSystems":true,"showVisualEffectGraphs":true,"m_FxEnabled":true},"in2DMode":false,"pivot":{"x":-6.955365180969238,"y":-12.120992660522461,"z":24.758464813232423},"rotation":{"x":0.38522639870643618,"y":0.27327704429626467,"z":-0.12056072056293488,"w":0.8731565475463867},"size":16.47527313232422,"orthographic":false}