{"cameraMode":{"drawMode":0,"name":"Shaded","section":"Shading Mode"},"sceneLighting":true,"audioPlay":false,"sceneViewState":{"m_AlwaysRefresh":false,"showFog":true,"showSkybox":true,"showFlares":true,"showImageEffects":true,"showParticleSystems":true,"showVisualEffectGraphs":true,"m_FxEnabled":true},"in2DMode":false,"pivot":{"x":1.4870123863220215,"y":-2.7762575149536135,"z":13.368282318115235},"rotation":{"x":0.3153298795223236,"y":0.03273320570588112,"z":-0.01088308822363615,"w":0.9483619928359985},"size":13.652483940124512,"orthographic":false}