{"cameraMode":{"drawMode":0,"name":"Shaded","section":"Shading Mode"},"sceneLighting":true,"audioPlay":false,"sceneViewState":{"m_AlwaysRefresh":false,"showFog":true,"showSkybox":true,"showFlares":true,"showImageEffects":true,"showParticleSystems":true,"showVisualEffectGraphs":true,"m_FxEnabled":true},"in2DMode":false,"pivot":{"x":-2.1083335876464845,"y":4.14004373550415,"z":0.13548660278320313},"rotation":{"x":0.15981034934520722,"y":0.004442120436578989,"z":-0.0007191497134044766,"w":0.9871390461921692},"size":7.626023292541504,"orthographic":false}