{"cameraMode":{"drawMode":0,"name":"Shaded","section":"Shading Mode"},"sceneLighting":true,"audioPlay":false,"sceneViewState":{"m_AlwaysRefresh":false,"showFog":true,"showSkybox":true,"showFlares":true,"showImageEffects":true,"showParticleSystems":true,"showVisualEffectGraphs":true,"m_FxEnabled":true},"in2DMode":false,"pivot":{"x":1.9764783382415772,"y":-11.546806335449219,"z":39.29743576049805},"rotation":{"x":0.1893249750137329,"y":0.016511715948581697,"z":-0.003180199535563588,"w":0.9817785024642944},"size":25.569461822509767,"orthographic":false}