{"cameraMode":{"drawMode":0,"name":"Shaded","section":"Shading Mode"},"sceneLighting":true,"audioPlay":false,"sceneViewState":{"m_AlwaysRefresh":false,"showFog":true,"showSkybox":true,"showFlares":true,"showImageEffects":true,"showParticleSystems":true,"showVisualEffectGraphs":true,"m_FxEnabled":true},"in2DMode":false,"pivot":{"x":-0.6439857482910156,"y":25.132896423339845,"z":37.563358306884769},"rotation":{"x":0.012166067026555539,"y":0.3325227200984955,"z":-0.004285471048206091,"w":0.9430255889892578},"size":36.09150314331055,"orthographic":false}