{"cameraMode":{"drawMode":0,"name":"Shaded","section":"Shading Mode"},"sceneLighting":true,"audioPlay":false,"sceneViewState":{"m_AlwaysRefresh":false,"showFog":true,"showSkybox":true,"showFlares":true,"showImageEffects":true,"showParticleSystems":true,"showVisualEffectGraphs":true,"m_FxEnabled":true},"in2DMode":false,"pivot":{"x":-13.599261283874512,"y":-13.922250747680664,"z":9.43746566772461},"rotation":{"x":-0.006125770043581724,"y":-0.9010298252105713,"z":0.43358129262924197,"w":-0.012670214287936688},"size":22.226303100585939,"orthographic":false}