{"cameraMode":{"drawMode":0,"name":"Shaded","section":"Shading Mode"},"sceneLighting":true,"audioPlay":false,"sceneViewState":{"m_AlwaysRefresh":false,"showFog":true,"showSkybox":true,"showFlares":true,"showImageEffects":true,"showParticleSystems":true,"showVisualEffectGraphs":true,"m_FxEnabled":true},"in2DMode":false,"pivot":{"x":-6.612422466278076,"y":-18.816253662109376,"z":40.957000732421878},"rotation":{"x":0.23695994913578034,"y":-0.07654565572738648,"z":0.018736127763986589,"w":0.9683052897453308},"size":27.54658317565918,"orthographic":false}