{"cameraMode":{"drawMode":0,"name":"Shaded","section":"Shading Mode"},"sceneLighting":true,"audioPlay":false,"sceneViewState":{"m_AlwaysRefresh":false,"showFog":true,"showSkybox":true,"showFlares":true,"showImageEffects":true,"showParticleSystems":true,"showVisualEffectGraphs":true,"m_FxEnabled":true},"in2DMode":false,"pivot":{"x":-38.133460998535159,"y":-16.096759796142579,"z":18.024351119995118},"rotation":{"x":0.23973052203655244,"y":-0.6603267788887024,"z":0.23573759198188783,"w":0.6715120673179627},"size":19.922103881835939,"orthographic":false}