{"cameraMode":{"drawMode":0,"name":"Shaded","section":"Shading Mode"},"sceneLighting":true,"audioPlay":false,"sceneViewState":{"m_AlwaysRefresh":false,"showFog":true,"showSkybox":true,"showFlares":true,"showImageEffects":true,"showParticleSystems":true,"showVisualEffectGraphs":true,"m_FxEnabled":true},"in2DMode":false,"pivot":{"x":1.186609148979187,"y":3.0871522426605226,"z":9.582002639770508},"rotation":{"x":0.2681756019592285,"y":-0.0008640477317385376,"z":0.00023983990831766278,"w":0.9633690118789673},"size":3.840087652206421,"orthographic":false}