{"cameraMode":{"drawMode":0,"name":"Shaded","section":"Shading Mode"},"sceneLighting":true,"audioPlay":false,"sceneViewState":{"m_AlwaysRefresh":false,"showFog":true,"showSkybox":true,"showFlares":true,"showImageEffects":true,"showParticleSystems":true,"showVisualEffectGraphs":true,"m_FxEnabled":true},"in2DMode":false,"pivot":{"x":22.22720718383789,"y":-23.500444412231447,"z":48.93294906616211},"rotation":{"x":-0.31391140818595889,"y":-0.24975834786891938,"z":0.08598927408456803,"w":-0.9120201468467712},"size":31.566049575805665,"orthographic":false}