{"cameraMode":{"drawMode":0,"name":"Shaded","section":"Shading Mode"},"sceneLighting":true,"audioPlay":false,"sceneViewState":{"m_AlwaysRefresh":false,"showFog":true,"showSkybox":true,"showFlares":true,"showImageEffects":true,"showParticleSystems":true,"showVisualEffectGraphs":true,"m_FxEnabled":true},"in2DMode":false,"pivot":{"x":-7.9104719161987309,"y":0.9010343551635742,"z":6.448500633239746},"rotation":{"x":0.1627333015203476,"y":0.021604426205158235,"z":-0.0035639421548694374,"w":0.9864256978034973},"size":7.777685642242432,"orthographic":false}