{"cameraMode":{"drawMode":0,"name":"Shaded","section":"Shading Mode"},"sceneLighting":true,"audioPlay":false,"sceneViewState":{"m_AlwaysRefresh":false,"showFog":true,"showSkybox":true,"showFlares":true,"showImageEffects":true,"showParticleSystems":true,"showVisualEffectGraphs":true,"m_FxEnabled":true},"in2DMode":false,"pivot":{"x":-3.713038444519043,"y":7.679718017578125,"z":-51.08232879638672},"rotation":{"x":-0.00001294216144742677,"y":0.9989220499992371,"z":0.046483539044857028,"w":0.00029574750806204975},"size":26.805612564086915,"orthographic":false}