{"cameraMode":{"drawMode":0,"name":"Shaded","section":"Shading Mode"},"sceneLighting":true,"audioPlay":false,"sceneViewState":{"m_AlwaysRefresh":false,"showFog":true,"showSkybox":true,"showFlares":true,"showImageEffects":true,"showParticleSystems":true,"showVisualEffectGraphs":true,"m_FxEnabled":true},"in2DMode":false,"pivot":{"x":-10.421960830688477,"y":-30.79898452758789,"z":38.0223274230957},"rotation":{"x":0.43978554010391238,"y":-0.012124844826757908,"z":0.005936266388744116,"w":0.8980134129524231},"size":31.368505477905275,"orthographic":false}