{"cameraMode":{"drawMode":0,"name":"Shaded","section":"Shading Mode"},"sceneLighting":true,"audioPlay":false,"sceneViewState":{"m_AlwaysRefresh":false,"showFog":true,"showSkybox":true,"showFlares":true,"showImageEffects":true,"showParticleSystems":true,"showVisualEffectGraphs":true,"m_FxEnabled":true},"in2DMode":false,"pivot":{"x":-6.529352188110352,"y":-25.79032325744629,"z":57.18573760986328},"rotation":{"x":0.24788309633731843,"y":0.011041443794965744,"z":-0.002822321839630604,"w":0.9687680602073669},"size":40.67278289794922,"orthographic":false}