{"cameraMode":{"drawMode":0,"name":"Shaded","section":"Shading Mode"},"sceneLighting":true,"audioPlay":false,"sceneViewState":{"m_AlwaysRefresh":false,"showFog":true,"showSkybox":true,"showFlares":true,"showImageEffects":true,"showParticleSystems":true,"showVisualEffectGraphs":true,"m_FxEnabled":true},"in2DMode":false,"pivot":{"x":-5.1185832023620609,"y":-6.557455062866211,"z":11.133944511413575},"rotation":{"x":-0.3953748047351837,"y":-0.008262915536761284,"z":0.0035433589946478607,"w":-0.9184585809707642},"size":13.871003150939942,"orthographic":false}