{"cameraMode":{"drawMode":0,"name":"Shaded","section":"Shading Mode"},"sceneLighting":true,"audioPlay":false,"sceneViewState":{"m_AlwaysRefresh":false,"showFog":true,"showSkybox":true,"showFlares":true,"showImageEffects":true,"showParticleSystems":true,"showVisualEffectGraphs":true,"m_FxEnabled":true},"in2DMode":false,"pivot":{"x":-5.449911117553711,"y":-16.35807228088379,"z":19.317508697509767},"rotation":{"x":0.4196900427341461,"y":-0.037817131727933887,"z":0.017507005482912065,"w":0.9067240357398987},"size":17.77298355102539,"orthographic":false}