{"cameraMode":{"drawMode":0,"name":"Shaded","section":"Shading Mode"},"sceneLighting":true,"audioPlay":false,"sceneViewState":{"m_AlwaysRefresh":false,"showFog":true,"showSkybox":true,"showFlares":true,"showImageEffects":true,"showParticleSystems":true,"showVisualEffectGraphs":true,"m_FxEnabled":true},"in2DMode":false,"pivot":{"x":-44.64096450805664,"y":-40.69539260864258,"z":40.057838439941409},"rotation":{"x":0.38979318737983706,"y":0.02097541093826294,"z":-0.008927308954298497,"w":0.9206685423851013},"size":54.70237731933594,"orthographic":false}