{"cameraMode":{"drawMode":0,"name":"Shaded","section":"Shading Mode"},"sceneLighting":true,"audioPlay":false,"sceneViewState":{"m_AlwaysRefresh":false,"showFog":true,"showSkybox":true,"showFlares":true,"showImageEffects":true,"showParticleSystems":true,"showVisualEffectGraphs":true,"m_FxEnabled":true},"in2DMode":false,"pivot":{"x":-1.0990173816680909,"y":-16.038686752319337,"z":39.32784652709961},"rotation":{"x":-0.2839556336402893,"y":-0.024193309247493745,"z":0.007129108067601919,"w":-0.9585389494895935},"size":26.98927879333496,"orthographic":false}