{"cameraMode":{"drawMode":0,"name":"Shaded","section":"Shading Mode"},"sceneLighting":true,"audioPlay":false,"sceneViewState":{"m_AlwaysRefresh":false,"showFog":true,"showSkybox":true,"showFlares":true,"showImageEffects":true,"showParticleSystems":true,"showVisualEffectGraphs":true,"m_FxEnabled":true},"in2DMode":false,"pivot":{"x":-2.6217241287231447,"y":-3.5012502670288088,"z":6.4746246337890629},"rotation":{"x":-0.40774083137512209,"y":-0.009597929194569588,"z":0.004284535069018602,"w":-0.9130440950393677},"size":9.229055404663086,"orthographic":false}