{"cameraMode":{"drawMode":0,"name":"Shaded","section":"Shading Mode"},"sceneLighting":true,"audioPlay":false,"sceneViewState":{"m_AlwaysRefresh":false,"showFog":true,"showSkybox":true,"showFlares":true,"showImageEffects":true,"showParticleSystems":true,"showVisualEffectGraphs":true,"m_FxEnabled":true},"in2DMode":false,"pivot":{"x":-3.2966701984405519,"y":-13.902944564819336,"z":18.881507873535158},"rotation":{"x":0.38543009757995608,"y":0.03679938614368439,"z":-0.015387723222374916,"w":0.9218930006027222},"size":21.176427841186525,"orthographic":false}