{"cameraMode":{"drawMode":0,"name":"Shaded","section":"Shading Mode"},"sceneLighting":true,"audioPlay":false,"sceneViewState":{"m_AlwaysRefresh":false,"showFog":true,"showSkybox":true,"showFlares":true,"showImageEffects":true,"showParticleSystems":true,"showVisualEffectGraphs":true,"m_FxEnabled":true},"in2DMode":false,"pivot":{"x":147.71595764160157,"y":199.60757446289063,"z":-8.263092041015625},"rotation":{"x":-0.20992107689380647,"y":0.0076224016956985,"z":-0.0016351498197764159,"w":-0.9776893854141235},"size":201.21139526367188,"orthographic":false}