{"cameraMode":{"drawMode":0,"name":"Shaded","section":"Shading Mode"},"sceneLighting":true,"audioPlay":false,"sceneViewState":{"m_AlwaysRefresh":false,"showFog":true,"showSkybox":true,"showFlares":true,"showImageEffects":true,"showParticleSystems":true,"showVisualEffectGraphs":true,"m_FxEnabled":true},"in2DMode":false,"pivot":{"x":21.24684715270996,"y":27.079824447631837,"z":34.0595588684082},"rotation":{"x":-0.16069628298282624,"y":0.0023755673319101335,"z":-0.0003864288155455142,"w":-0.9870025515556336},"size":59.0823974609375,"orthographic":false}