{"cameraMode":{"drawMode":0,"name":"Shaded","section":"Shading Mode"},"sceneLighting":false,"audioPlay":false,"sceneViewState":{"m_AlwaysRefresh":false,"showFog":true,"showSkybox":false,"showFlares":true,"showImageEffects":true,"showParticleSystems":true,"showVisualEffectGraphs":true,"m_FxEnabled":true},"in2DMode":false,"pivot":{"x":5.239999771118164,"y":2.161762237548828,"z":9.833280563354493},"rotation":{"x":0.22894912958145142,"y":-0.003792321542277932,"z":0.0008930001058615744,"w":0.9734269380569458},"size":10.756035804748536,"orthographic":false}