{"cameraMode":{"drawMode":0,"name":"Shaded","section":"Shading Mode"},"sceneLighting":true,"audioPlay":false,"sceneViewState":{"m_AlwaysRefresh":false,"showFog":true,"showSkybox":false,"showFlares":true,"showImageEffects":true,"showParticleSystems":true,"showVisualEffectGraphs":true,"m_FxEnabled":true},"in2DMode":false,"pivot":{"x":25.12220573425293,"y":7.800000190734863,"z":0.40000009536743166},"rotation":{"x":0.010331240482628346,"y":-0.18050071597099305,"z":0.001879582996480167,"w":0.9835399985313416},"size":17.303268432617189,"orthographic":false}