{"cameraMode":{"drawMode":0,"name":"Shaded","section":"Shading Mode"},"sceneLighting":false,"audioPlay":false,"sceneViewState":{"m_AlwaysRefresh":false,"showFog":true,"showSkybox":false,"showFlares":true,"showImageEffects":true,"showParticleSystems":true,"showVisualEffectGraphs":true,"m_FxEnabled":true},"in2DMode":false,"pivot":{"x":12.357519149780274,"y":2.9090380668640138,"z":2.684535503387451},"rotation":{"x":0.17693224549293519,"y":-0.017714930698275567,"z":0.0031851911917328836,"w":0.9840561151504517},"size":5.1961541175842289,"orthographic":false}