{"cameraMode":{"drawMode":0,"name":"Shaded","section":"Shading Mode"},"sceneLighting":false,"audioPlay":false,"sceneViewState":{"m_AlwaysRefresh":false,"showFog":true,"showSkybox":false,"showFlares":true,"showImageEffects":true,"showParticleSystems":true,"showVisualEffectGraphs":true,"m_FxEnabled":true},"in2DMode":false,"pivot":{"x":-9.033183097839356,"y":0.13520067930221559,"z":41.33906555175781},"rotation":{"x":-0.019110945984721185,"y":-0.7064499855041504,"z":0.019068555906414987,"w":-0.7072867155075073},"size":5.1961565017700199,"orthographic":false}